participant_id,item_order,cycle,triple_id,relation_key,A,B,C
1,1,3,494,space_time,clinics,patient,nights
1,2,2,64,case_relations,smoker,cigarette,dodge
1,3,2,228,contrast,functional,broken,utility
1,4,3,93,case_relations,canceling,plans,crabs
1,5,2,123,cause_purpose,strikeouts,outs,smiles
1,6,1,367,reference,marker,position,ambassadors
1,7,1,305,part_whole,chicken,thigh,gym
1,8,2,215,contrast,preserved,wasted,straight
1,9,3,142,cause_purpose,lecturers,studying,concerts
1,10,2,351,reference,deal,agreement,marker
1,11,1,272,non_attribute,dwarfs,tall,injustices
1,12,1,418,similar,wondering,pondering,classes
1,13,3,374,reference,questionnaires,opinion,coupon
1,14,3,499,space_time,kansas,farm,resorts
1,15,2,287,non_attribute,gibberish,english,tornado
1,16,1,261,non_attribute,cookie,frozen,fluid
1,17,1,26,attribute,pasta,delicious,eruption
1,18,3,144,cause_purpose,blossom,flowers,custodian
1,19,2,171,class_inclusion,charts,bar-chart,section
1,20,3,298,non_attribute,germ,clean,blues
2,1,1,124,cause_purpose,academics,papers,lecturers
2,2,3,455,space_time,holidays,present,clinics
2,3,2,150,cause_purpose,microwaves,heat,snowing
2,4,1,435,similar,tough,chewy,pretend
2,5,2,374,reference,questionnaires,opinion,coupon
2,6,2,83,case_relations,eat,snack,broadcast
2,7,2,121,cause_purpose,oder,smell,politician
2,8,1,328,part_whole,resume,job,tomb
2,9,2,97,case_relations,rains,umbrella,waste
2,10,3,19,attribute,parties,fun,dish
2,11,2,367,reference,marker,position,ambassadors
2,12,1,99,case_relations,smoker,cigar,government
2,13,1,252,non_attribute,athlete,overweight,injustices
2,14,3,438,similar,fathers,parents,prize
2,15,3,394,reference,polls,opinions,ambassadors
2,16,1,354,reference,kilometers,distance,listing
2,17,3,470,space_time,metropolis,skyscraper,pier
2,18,3,274,non_attribute,boiler,chilled,mistakes
2,19,3,486,space_time,disneyland,rides,clinics
2,20,1,370,reference,token,value,agendas
3,1,3,310,part_whole,tomb,casket,arrows
3,2,2,364,reference,coupon,discount,brand
3,3,2,91,case_relations,traveler,flight,crabs
3,4,3,306,part_whole,instrumentation,percussion,outfit
3,5,1,19,attribute,parties,fun,dish
3,6,2,128,cause_purpose,band,music,weapons
3,7,1,298,non_attribute,germ,clean,blues
3,8,1,402,similar,exchanged,gave,warning
3,9,2,386,reference,likeness,face,plan
3,10,3,282,non_attribute,fossils,new,errors
3,11,1,281,non_attribute,mistakes,correct,fires
3,12,2,307,part_whole,evaluation,question,crafts
3,13,3,181,class_inclusion,exchanges,transaction,skirt
3,14,1,437,similar,collect,gather,bothers
3,15,2,37,attribute,squirrel,furry,air
3,16,1,358,reference,likeness,person,agendas
3,17,2,139,cause_purpose,tornado,alerts,academics
3,18,3,74,case_relations,stamping,letter,competitors
3,19,1,27,attribute,scooter,electronic,woods
3,20,3,378,reference,token,object,bets
4,1,2,429,similar,pretend,fake,prize
4,2,1,475,space_time,metropolis,tower,hells
4,3,2,297,non_attribute,fairytale,truthful,torpedo
4,4,3,269,non_attribute,fairytale,true,athlete
4,5,2,457,space_time,colleges,building,manhattan
4,6,3,488,space_time,woods,deer,village
4,7,3,163,class_inclusion,exams,pop-quiz,poll
4,8,2,174,class_inclusion,transportation,train,crafts
4,9,2,279,non_attribute,dust,prestine,silk
4,10,2,264,non_attribute,routine,new,skyscraper
4,11,3,135,cause_purpose,tornado,wind,booklet
4,12,3,314,part_whole,demonstration,example,countryside
4,13,3,299,non_attribute,whales,miniscule,loves
4,14,1,280,non_attribute,routine,novel,germ
4,15,1,479,space_time,greece,island,cities
4,16,3,150,cause_purpose,microwaves,heat,snowing
4,17,1,236,contrast,upwards,declined,harder
4,18,1,139,cause_purpose,tornado,alerts,academics
4,19,1,154,class_inclusion,wines,Cabernet,capability
4,20,2,340,part_whole,galaxy,planet,cabinet
5,1,1,394,reference,polls,opinions,ambassadors
5,2,2,300,non_attribute,blossom,wintry,bang
5,3,1,260,non_attribute,mistakes,accurate,terror
5,4,3,134,cause_purpose,kettle,heat,sickness
5,5,3,324,part_whole,education,class,conference
5,6,2,313,part_whole,basket,rim,midwest
5,7,3,479,space_time,greece,island,cities
5,8,2,445,similar,bothers,irritates,classes
5,9,1,174,class_inclusion,transportation,train,crafts
5,10,3,369,reference,certifications,qualifications,handshake
5,11,2,194,class_inclusion,education,elementary,section
5,12,3,442,similar,collection,group,predicted
5,13,1,409,similar,sprung,jumped,classes
5,14,1,456,space_time,daytime,sunlight,lakes
5,15,1,274,non_attribute,boiler,chilled,mistakes
5,16,3,322,part_whole,skirt,waistband,furnace
5,17,3,139,cause_purpose,tornado,alerts,academics
5,18,1,481,space_time,woods,wildlife,colleges
5,19,2,179,class_inclusion,table,picnic-table,monitor
5,20,2,95,case_relations,panther,fangs,sing
6,1,2,45,attribute,chicken,edible,rainbow
6,2,2,244,contrast,growth,stagnation,familiar
6,3,2,52,case_relations,bang,gavel,government
6,4,3,275,non_attribute,dust,clean,skyscraper
6,5,3,107,cause_purpose,concerts,music,boiler
6,6,3,393,reference,report,event,motif
6,7,3,436,similar,preserve,jam,warning
6,8,2,148,cause_purpose,politician,legislation,punches
6,9,1,78,case_relations,unravel,yarn,nodded
6,10,1,411,similar,predicted,guessed,instant
6,11,1,384,reference,representatives,referent,estimates
6,12,2,361,reference,symbols,entity,handshake
6,13,1,136,cause_purpose,smiles,happiness,pinch
6,14,1,385,reference,catalog,list,likeness
6,15,3,10,attribute,grids,measured,eruption
6,16,1,317,part_whole,storage,box,labour
6,17,2,31,attribute,squirrel,nimble,song
6,18,1,438,similar,fathers,parents,prize
6,19,3,246,contrast,ending,beginning,defend
6,20,2,23,attribute,sirens,audible,branches
7,1,1,422,similar,bothers,annoys,estimate
7,2,3,69,case_relations,subscribe,channel,rains
7,3,2,385,reference,catalog,list,likeness
7,4,2,73,case_relations,digs,grave,bang
7,5,3,464,space_time,dock,plank,wartime
7,6,3,431,similar,wounded,injured,soften
7,7,1,141,cause_purpose,poisons,illness,punches
7,8,2,489,space_time,colleges,professors,dock
7,9,1,71,case_relations,operators,train,panther
7,10,2,469,space_time,weekends,Sautrday,outdoors
7,11,2,379,reference,debt,value,bets
7,12,3,90,case_relations,wolverine,claw,nodded
7,13,2,275,non_attribute,dust,clean,skyscraper
7,14,1,225,contrast,growth,plateau,permits
7,15,3,445,similar,bothers,irritates,classes
7,16,1,92,case_relations,proclaim,speech,shaves
7,17,3,386,reference,likeness,face,plan
7,18,3,136,cause_purpose,smiles,happiness,pinch
7,19,1,54,case_relations,pirates,hook,academics
7,20,2,439,similar,delight,joy,involved
8,1,1,151,class_inclusion,exams,SAT,brand
8,2,1,193,class_inclusion,fitness,cardiovascular,harm
8,3,2,238,contrast,forgotten,reminded,advanced
8,4,1,368,reference,discography,artist,writings
8,5,2,26,attribute,pasta,delicious,eruption
8,6,3,73,case_relations,digs,grave,bang
8,7,2,304,part_whole,scissors,blade,gym
8,8,1,444,similar,presents,showcases,beast
8,9,1,401,similar,goodbye,farewell,awful
8,10,1,93,case_relations,canceling,plans,crabs
8,11,3,153,class_inclusion,fitness,flexibility,tribes
8,12,3,398,reference,coupon,deal,syllabus
8,13,2,173,class_inclusion,situation,first-date,outfit
8,14,3,362,reference,calendars,date,capsule
8,15,1,143,cause_purpose,applauding,bows,cars
8,16,3,485,space_time,colleges,classes,autumn
8,17,3,288,non_attribute,excitement,bored,sunroof
8,18,2,7,attribute,farmers,agricultural,injury
8,19,3,443,similar,classes,seminars,irritation
8,20,2,19,attribute,parties,fun,dish
9,1,2,366,reference,symbols,objects,passports
9,2,3,448,similar,sprung,emerged,notions
9,3,1,453,space_time,woods,tree,carnival
9,4,3,166,class_inclusion,crafts,knitting,craftsmen
9,5,1,450,similar,upsetting,disturbing,predicted
9,6,2,493,space_time,disneyland,lines,lakes
9,7,1,64,case_relations,smoker,cigarette,dodge
9,8,3,289,non_attribute,air,wet,disinformation
9,9,1,48,attribute,branches,twiggy,appointment
9,10,2,77,case_relations,eat,brunch,sketch
9,11,3,441,similar,estimate,conjecture,delight
9,12,2,468,space_time,space,asteroid,greece
9,13,2,20,attribute,cake,sugary,matrices
9,14,2,189,class_inclusion,story,legend,toes
9,15,1,488,space_time,woods,deer,village
9,16,3,94,case_relations,traveler,luggage,waste
9,17,1,67,case_relations,subscribe,netflix,educate
9,18,3,21,attribute,dish,flat,cowboy
9,19,2,115,cause_purpose,pirates,shipwreck,lecturers
9,20,1,398,reference,coupon,deal,syllabus
10,1,1,283,non_attribute,torpedo,sluggish,disinformation
10,2,3,453,space_time,woods,tree,carnival
10,3,1,415,similar,amazing,great,presented
10,4,1,379,reference,debt,value,bets
10,5,2,176,class_inclusion,action,exit,tribes
10,6,3,383,reference,memoir,story,prizes
10,7,1,75,case_relations,broadcast,show,dentist
10,8,3,277,non_attribute,loves,resentful,nervousness
10,9,2,306,part_whole,instrumentation,percussion,outfit
10,10,2,384,reference,representatives,referent,estimates
10,11,2,136,cause_purpose,smiles,happiness,pinch
10,12,2,164,class_inclusion,sport,golf,craftsmen
10,13,1,172,class_inclusion,lakes,Superior,section
10,14,3,370,reference,token,value,agendas
10,15,3,468,space_time,space,asteroid,greece
10,16,1,349,part_whole,labour,boss,basket
10,17,3,212,contrast,feminine,masculine,contracts
10,18,3,29,attribute,woods,dense,elephants
10,19,2,325,part_whole,organs,lungs,storage
10,20,2,143,cause_purpose,applauding,bows,cars
11,1,2,381,reference,questionnaires,population,diagram
11,2,3,297,non_attribute,fairytale,truthful,torpedo
11,3,1,267,non_attribute,athlete,unathletic,weights
11,4,2,110,cause_purpose,pirates,raids,blender
11,5,3,252,non_attribute,athlete,overweight,injustices
11,6,1,201,contrast,intellectual,stupid,functional
11,7,2,330,part_whole,cow,udder,labour
11,8,3,308,part_whole,militia,soldier,church
11,9,3,213,contrast,rejects,accepts,advanced
11,10,2,129,cause_purpose,waste,disposal,wineries
11,11,1,268,non_attribute,land,liquid,rains
11,12,1,287,non_attribute,gibberish,english,tornado
11,13,2,144,cause_purpose,blossom,flowers,custodian
11,14,3,33,attribute,taxi,callable,popcorn
11,15,1,496,space_time,carnival,ferris-wheel,residence
11,16,3,215,contrast,preserved,wasted,straight
11,17,1,177,class_inclusion,situation,interview,dimension
11,18,1,237,contrast,specialized,generalized,forgotten
11,19,3,122,cause_purpose,alarm,alertness,question
11,20,2,302,part_whole,basket,handle,tomb
12,1,1,333,part_whole,subway,sandwich,midwest
12,2,3,290,non_attribute,riches,broke,dust
12,3,2,343,part_whole,analysis,unit,demonstration
12,4,1,25,attribute,fires,warm,heroin
12,5,1,446,similar,teaching,instructing,classes
12,6,2,356,reference,estimates,quantities,flashback
12,7,2,462,space_time,village,hut,dock
12,8,3,44,attribute,rat,mouselike,films
12,9,3,106,cause_purpose,shoes,protection,waste
12,10,3,22,attribute,thorn,spikey,squirrel
12,11,1,197,class_inclusion,action,laughing,relative
12,12,1,400,reference,badge,accomplishment,estimates
12,13,3,143,cause_purpose,applauding,bows,cars
12,14,2,118,cause_purpose,alarm,waking,sickness
12,15,2,406,similar,fathers,dads,presents
12,16,2,472,space_time,conferences,keynotes,space
12,17,2,206,contrast,broke,fixed,applied
12,18,1,183,class_inclusion,regimes,Taliban,chemical
12,19,3,303,part_whole,profile,bio,prison
12,20,1,395,reference,brand,style,diagram
13,1,2,68,case_relations,sing,song,pirates
13,2,3,87,case_relations,erase,mistake,smoker
13,3,3,344,part_whole,basket,exterior,story
13,4,2,253,non_attribute,heights,shallow,zombies
13,5,1,380,reference,agendas,schedules,news
13,6,2,22,attribute,thorn,spikey,squirrel
13,7,2,352,reference,news,event,questionnaires
13,8,1,217,contrast,forgotten,remembered,withdraw
13,9,2,199,class_inclusion,instrumentation,brass,toes
13,10,3,390,reference,address,location,polls
13,11,2,219,contrast,growth,shrinkage,fat
13,12,3,79,case_relations,pupil,pencil,broadcast
13,13,1,340,part_whole,galaxy,planet,cabinet
13,14,3,120,cause_purpose,pinch,pain,bang
13,15,1,220,contrast,equals,approximates,growth
13,16,2,229,contrast,harder,easier,defend
13,17,1,104,cause_purpose,ovens,burning,custodian
13,18,3,96,case_relations,educate,tutorial,canceling
13,19,3,251,non_attribute,gibberish,sensical,terror
13,20,1,178,class_inclusion,lakes,Eerie,analysis
14,1,1,461,space_time,lakes,wildlife,nights
14,2,2,186,class_inclusion,education,highschool,charts
14,3,2,138,cause_purpose,snowing,snowdays,stomach
14,4,1,364,reference,coupon,discount,brand
14,5,3,474,space_time,conferences,meetings,village
14,6,3,263,non_attribute,excitement,collected,bang
14,7,3,395,reference,brand,style,diagram
14,8,3,32,attribute,films,artistic,greece
14,9,3,262,non_attribute,injustices,fair,tornado
14,10,2,130,cause_purpose,kettle,boil,boiler
14,11,1,113,cause_purpose,blender,puree,wineries
14,12,2,28,attribute,hens,fluffy,sirens
14,13,2,260,non_attribute,mistakes,accurate,terror
14,14,1,59,case_relations,competitors,race,journalists
14,15,1,439,similar,delight,joy,involved
14,16,2,248,contrast,plain,detailed,applied
14,17,3,97,case_relations,rains,umbrella,waste
14,18,3,199,class_inclusion,instrumentation,brass,toes
14,19,1,471,space_time,clinics,doctor,graveyard
14,20,1,196,class_inclusion,charts,pie-chart,chemical
15,1,2,421,similar,notions,ideas,fathers
15,2,3,194,class_inclusion,education,elementary,section
15,3,3,196,class_inclusion,charts,pie-chart,chemical
15,4,2,327,part_whole,labour,worker,spacecraft
15,5,3,36,attribute,manhattan,busy,logs
15,6,1,45,attribute,chicken,edible,rainbow
15,7,1,28,attribute,hens,fluffy,sirens
15,8,1,9,attribute,eruption,hot,comedy
15,9,2,375,reference,handshake,agreement,symbols
15,10,2,414,similar,wounded,hurt,nicer
15,11,2,332,part_whole,maps,scale,labour
15,12,1,300,non_attribute,blossom,wintry,bang
15,13,1,228,contrast,functional,broken,utility
15,14,2,34,attribute,matrices,organized,diamonds
15,15,1,249,contrast,goodness,evil,intellectual
15,16,3,466,space_time,heaven,angel,subway
15,17,3,178,class_inclusion,lakes,Eerie,analysis
15,18,2,346,part_whole,catalogue,record,conference
15,19,3,39,attribute,eruption,volcanic,injury
15,20,1,490,space_time,daytime,sun,holidays
16,1,2,30,attribute,junk,trashy,eruption
16,2,3,422,similar,bothers,annoys,estimate
16,3,1,115,cause_purpose,pirates,shipwreck,lecturers
16,4,1,120,cause_purpose,pinch,pain,bang
16,5,1,148,cause_purpose,politician,legislation,punches
16,6,3,6,attribute,torpedoes,underwater,yards
16,7,1,227,contrast,advances,setbacks,familiar
16,8,3,457,space_time,colleges,building,manhattan
16,9,1,72,case_relations,smoker,pipe,bang
16,10,2,82,case_relations,educate,classroom,broadcast
16,11,1,286,non_attribute,tornado,still,overheating
16,12,3,133,cause_purpose,politician,laws,concerts
16,13,2,9,attribute,eruption,hot,comedy
16,14,2,440,similar,classes,courses,presented
16,15,2,353,reference,pronoun,object,listing
16,16,2,61,case_relations,pupil,exam,businessman
16,17,3,228,contrast,functional,broken,utility
16,18,3,305,part_whole,chicken,thigh,gym
16,19,2,170,class_inclusion,outfit,swimwear,table
16,20,3,392,reference,disciplines,ideas,coupon
17,1,2,358,reference,likeness,person,agendas
17,2,1,112,cause_purpose,academics,learning,kettle
17,3,1,345,part_whole,catalogue,item,demonstration
17,4,2,257,non_attribute,overheating,cool,junior
17,5,3,91,case_relations,traveler,flight,crabs
17,6,1,392,reference,disciplines,ideas,coupon
17,7,3,26,attribute,pasta,delicious,eruption
17,8,3,325,part_whole,organs,lungs,storage
17,9,2,449,similar,notions,concepts,prize
17,10,1,292,non_attribute,rains,dehydrated,smiles
17,11,2,395,reference,brand,style,diagram
17,12,3,411,similar,predicted,guessed,instant
17,13,1,147,cause_purpose,pencils,notetaking,stomach
17,14,3,17,attribute,aluminum,thin,copper
17,15,1,117,cause_purpose,blossom,bloom,blender
17,16,3,43,attribute,sunshine,radiant,branches
17,17,2,335,part_whole,earth,sea,radiator
17,18,3,279,non_attribute,dust,prestine,silk
17,19,2,86,case_relations,wastes,trash,pupil
17,20,1,416,similar,preserve,keep,breaking
18,1,1,262,non_attribute,injustices,fair,tornado
18,2,3,435,similar,tough,chewy,pretend
18,3,2,309,part_whole,tomb,stone,table
18,4,1,137,cause_purpose,concerts,noise,question
18,5,3,227,contrast,advances,setbacks,familiar
18,6,2,234,contrast,breaks,accelerates,ending
18,7,3,364,reference,coupon,discount,brand
18,8,2,432,similar,outstanding,fantastic,sprung
18,9,2,378,reference,token,object,bets
18,10,1,23,attribute,sirens,audible,branches
18,11,1,321,part_whole,evaluation,rating,transportation
18,12,3,177,class_inclusion,situation,interview,dimension
18,13,1,271,non_attribute,trash,clean,dust
18,14,3,103,cause_purpose,boiler,heat,movie
18,15,2,349,part_whole,labour,boss,basket
18,16,2,318,part_whole,maps,legend,cabinet
18,17,3,24,attribute,branches,spikey,pumpkin
18,18,1,116,cause_purpose,government,rules,dogs
18,19,1,202,contrast,defend,attack,contracts
18,20,2,89,case_relations,dodge,danger,sketch
19,1,1,403,similar,creature,animal,buck
19,2,2,499,space_time,kansas,farm,resorts
19,3,1,464,space_time,dock,plank,wartime
19,4,3,82,case_relations,educate,classroom,broadcast
19,5,2,208,contrast,contracts,expands,functional
19,6,2,331,part_whole,countryside,plain,telescope
19,7,3,37,attribute,squirrel,furry,air
19,8,1,257,non_attribute,overheating,cool,junior
19,9,3,116,cause_purpose,government,rules,dogs
19,10,1,214,contrast,depart,stay,ending
19,11,3,452,space_time,rivers,water,oxford
19,12,3,85,case_relations,academics,lecture,panther
19,13,2,203,contrast,lies,truths,rejects
19,14,1,414,similar,wounded,hurt,nicer
19,15,3,327,part_whole,labour,worker,spacecraft
19,16,2,106,cause_purpose,shoes,protection,waste
19,17,1,436,similar,preserve,jam,warning
19,18,2,376,reference,vouchers,discount,marker
19,19,3,3,attribute,torpedoes,rapid,cube
19,20,2,245,contrast,intellectual,idiotic,rejects
20,1,3,34,attribute,matrices,organized,diamonds
20,2,2,284,non_attribute,ovens,frozen,mistakes
20,3,1,250,contrast,keeping,leaving,lesser
20,4,1,301,part_whole,midwest,Illinois,analysis
20,5,3,130,cause_purpose,kettle,boil,boiler
20,6,3,152,class_inclusion,tribes,Navajo,organs
20,7,3,345,part_whole,catalogue,item,demonstration
20,8,2,53,case_relations,catcher,glove,leaking
20,9,1,421,similar,notions,ideas,fathers
20,10,1,314,part_whole,demonstration,example,countryside
20,11,1,180,class_inclusion,attachment,file,storage
20,12,2,213,contrast,rejects,accepts,advanced
20,13,3,368,reference,discography,artist,writings
20,14,2,85,case_relations,academics,lecture,panther
20,15,2,291,non_attribute,dwarfs,giant,enemies
20,16,2,380,reference,agendas,schedules,news
20,17,3,484,space_time,graveyard,tomb,homes
20,18,3,52,case_relations,bang,gavel,government
20,19,1,210,contrast,broken,amended,wisdom
20,20,1,293,non_attribute,spark,dull,diamonds
21,1,3,1,attribute,sirens,loud,aluminum
21,2,2,345,part_whole,catalogue,item,demonstration
21,3,1,278,non_attribute,disinformation,real,torpedo
21,4,3,264,non_attribute,routine,new,skyscraper
21,5,3,68,case_relations,sing,song,pirates
21,6,2,132,cause_purpose,smiles,joy,threat
21,7,1,279,non_attribute,dust,prestine,silk
21,8,1,337,part_whole,earth,land,evaluation
21,9,2,359,reference,news,incidence,motif
21,10,2,444,similar,presents,showcases,beast
21,11,1,6,attribute,torpedoes,underwater,yards
21,12,2,124,cause_purpose,academics,papers,lecturers
21,13,1,138,cause_purpose,snowing,snowdays,stomach
21,14,3,476,space_time,wartime,weapon,holiday
21,15,3,311,part_whole,arrows,arrowhead,prison
21,16,1,119,cause_purpose,meme,laughter,mug
21,17,1,381,reference,questionnaires,population,diagram
21,18,2,156,class_inclusion,capability,athleticism,relationship
21,19,3,15,attribute,cowboy,texan,fires
21,20,2,251,non_attribute,gibberish,sensical,terror
22,1,2,101,cause_purpose,blossom,flower,coin
22,2,2,60,case_relations,government,legislation,shaves
22,3,3,46,attribute,matrices,rectangular,fires
22,4,2,155,class_inclusion,regimes,Nazis,craftsmen
22,5,3,412,similar,instant,second,bothers
22,6,3,207,contrast,encouraging,discouraging,utility
22,7,3,154,class_inclusion,wines,Cabernet,capability
22,8,2,377,reference,units,quantities,labels
22,9,3,232,contrast,smooth,difficult,defend
22,10,1,324,part_whole,education,class,conference
22,11,2,256,non_attribute,loves,hateful,dwarfs
22,12,3,42,attribute,diamonds,bright,fires
22,13,1,369,reference,certifications,qualifications,handshake
22,14,1,474,space_time,conferences,meetings,village
22,15,3,200,class_inclusion,turtles,snapping,soap
22,16,1,393,reference,report,event,motif
22,17,2,263,non_attribute,excitement,collected,bang
22,18,1,431,similar,wounded,injured,soften
22,19,2,180,class_inclusion,attachment,file,storage
22,20,1,482,space_time,woods,leaves,lakes
23,1,1,500,space_time,nights,blackness,venice
23,2,2,277,non_attribute,loves,resentful,nervousness
23,3,1,494,space_time,clinics,patient,nights
23,4,3,335,part_whole,earth,sea,radiator
23,5,2,438,similar,fathers,parents,prize
23,6,1,132,cause_purpose,smiles,joy,threat
23,7,3,461,space_time,lakes,wildlife,nights
23,8,3,172,class_inclusion,lakes,Superior,section
23,9,2,58,case_relations,bang,bomb,proclaim
23,10,3,270,non_attribute,fossils,modern,dwarfs
23,11,1,469,space_time,weekends,Sautrday,outdoors
23,12,1,309,part_whole,tomb,stone,table
23,13,1,290,non_attribute,riches,broke,dust
23,14,3,424,similar,warning,alarm,icy
23,15,2,273,non_attribute,diamonds,rusted,relic
23,16,2,72,case_relations,smoker,pipe,bang
23,17,3,382,reference,listing,item,sirens
23,18,2,250,contrast,keeping,leaving,lesser
23,19,3,245,contrast,intellectual,idiotic,rejects
23,20,1,162,class_inclusion,story,fairytale,regimes
24,1,1,42,attribute,diamonds,bright,fires
24,2,2,329,part_whole,knight,helmet,church
24,3,1,203,contrast,lies,truths,rejects
24,4,2,322,part_whole,skirt,waistband,furnace
24,5,2,87,case_relations,erase,mistake,smoker
24,6,3,57,case_relations,shaves,hair,charges
24,7,1,288,non_attribute,excitement,bored,sunroof
24,8,3,211,contrast,starts,ends,preserved
24,9,2,159,class_inclusion,sport,badminton,instrumentation
24,10,1,432,similar,outstanding,fantastic,sprung
24,11,2,14,attribute,sirens,piercing,pasta
24,12,2,382,reference,listing,item,sirens
24,13,1,5,attribute,farmers,natural,fires
24,14,1,491,space_time,nights,darkness,dusk
24,15,3,331,part_whole,countryside,plain,telescope
24,16,2,320,part_whole,portfolio,paper,basket
24,17,3,204,contrast,broke,rich,direct
24,18,1,110,cause_purpose,pirates,raids,blender
24,19,3,53,case_relations,catcher,glove,leaking
24,20,3,419,similar,preserve,jelly,tough
25,1,3,5,attribute,farmers,natural,fires
25,2,3,217,contrast,forgotten,remembered,withdraw
25,3,3,363,reference,notes,material,report
25,4,2,153,class_inclusion,fitness,flexibility,tribes
25,5,1,167,class_inclusion,craftsmen,blacksmith,tier
25,6,1,440,similar,classes,courses,presented
25,7,2,419,similar,preserve,jelly,tough
25,8,2,258,non_attribute,nervousness,calm,gibberish
25,9,1,265,non_attribute,rains,dry,trash
25,10,2,17,attribute,aluminum,thin,copper
25,11,2,500,space_time,nights,blackness,venice
25,12,3,313,part_whole,basket,rim,midwest
25,13,1,352,reference,news,event,questionnaires
25,14,2,55,case_relations,erase,eraser,unravel
25,15,2,289,non_attribute,air,wet,disinformation
25,16,1,382,reference,listing,item,sirens
25,17,3,284,non_attribute,ovens,frozen,mistakes
25,18,3,493,space_time,disneyland,lines,lakes
25,19,3,132,cause_purpose,smiles,joy,threat
25,20,1,428,similar,beauty,elegance,delight
26,1,2,67,case_relations,subscribe,netflix,educate
26,2,2,145,cause_purpose,ovens,cooking,meme
26,3,2,281,non_attribute,mistakes,correct,fires
26,4,1,238,contrast,forgotten,reminded,advanced
26,5,3,243,contrast,functional,faulty,lies
26,6,3,16,attribute,rat,nocturnal,logs
26,7,1,223,contrast,advances,retracts,keeping
26,8,3,54,case_relations,pirates,hook,academics
26,9,3,220,contrast,equals,approximates,growth
26,10,1,83,case_relations,eat,snack,broadcast
26,11,1,307,part_whole,evaluation,question,crafts
26,12,3,401,similar,goodbye,farewell,awful
26,13,1,39,attribute,eruption,volcanic,injury
26,14,1,144,cause_purpose,blossom,flowers,custodian
26,15,3,377,reference,units,quantities,labels
26,16,3,63,case_relations,government,laws,stamping
26,17,2,120,cause_purpose,pinch,pain,bang
26,18,1,125,cause_purpose,journalists,articles,cavity
26,19,2,261,non_attribute,cookie,frozen,fluid
26,20,2,104,cause_purpose,ovens,burning,custodian
27,1,3,321,part_whole,evaluation,rating,transportation
27,2,1,259,non_attribute,error,correct,fairytale
27,3,1,327,part_whole,labour,worker,spacecraft
27,4,3,418,similar,wondering,pondering,classes
27,5,3,151,class_inclusion,exams,SAT,brand
27,6,2,181,class_inclusion,exchanges,transaction,skirt
27,7,1,350,part_whole,storage,compartment,radish
27,8,2,247,contrast,tired,energetic,broke
27,9,1,242,contrast,encouraging,demoralizing,enlarged
27,10,3,353,reference,pronoun,object,listing
27,11,2,403,similar,creature,animal,buck
27,12,1,330,part_whole,cow,udder,labour
27,13,1,251,non_attribute,gibberish,sensical,terror
27,14,1,41,attribute,greece,historic,lions
27,15,2,74,case_relations,stamping,letter,competitors
27,16,3,206,contrast,broke,fixed,applied
27,17,3,100,case_relations,stamping,mail,charges
27,18,2,292,non_attribute,rains,dehydrated,smiles
27,19,2,484,space_time,graveyard,tomb,homes
27,20,2,266,non_attribute,bang,quiet,relic
28,1,3,101,cause_purpose,blossom,flower,coin
28,2,1,158,class_inclusion,brand,Nike,soap
28,3,1,449,similar,notions,concepts,prize
28,4,3,296,non_attribute,cookie,inedible,silk
28,5,3,354,reference,kilometers,distance,listing
28,6,3,155,class_inclusion,regimes,Nazis,craftsmen
28,7,1,359,reference,news,incidence,motif
28,8,2,417,similar,beauty,grace,bothers
28,9,2,303,part_whole,profile,bio,prison
28,10,2,342,part_whole,militia,commander,earth
28,11,1,254,non_attribute,enemies,friendly,junior
28,12,3,104,cause_purpose,ovens,burning,custodian
28,13,3,216,contrast,harder,easier,familiar
28,14,2,243,contrast,functional,faulty,lies
28,15,2,259,non_attribute,error,correct,fairytale
28,16,1,476,space_time,wartime,weapon,holiday
28,17,2,70,case_relations,digs,hole,carry
28,18,3,440,similar,classes,courses,presented
28,19,1,316,part_whole,transportation,vehicle,telescope
28,20,2,32,attribute,films,artistic,greece
29,1,2,410,similar,prize,winning,buck
29,2,1,52,case_relations,bang,gavel,government
29,3,2,134,cause_purpose,kettle,heat,sickness
29,4,1,417,similar,beauty,grace,bothers
29,5,3,450,similar,upsetting,disturbing,predicted
29,6,1,29,attribute,woods,dense,elephants
29,7,2,317,part_whole,storage,box,labour
29,8,3,465,space_time,conferences,talk,outdoors
29,9,1,338,part_whole,storage,site,worm
29,10,2,337,part_whole,earth,land,evaluation
29,11,3,186,class_inclusion,education,highschool,charts
29,12,2,415,similar,amazing,great,presented
29,13,2,56,case_relations,dodge,ball,athlete
29,14,1,166,class_inclusion,crafts,knitting,craftsmen
29,15,3,8,attribute,grids,square,indonesia
29,16,3,119,cause_purpose,meme,laughter,mug
29,17,1,499,space_time,kansas,farm,resorts
29,18,3,357,reference,census,population,memoir
29,19,1,341,part_whole,scissors,handle,analysis
29,20,3,454,space_time,conferences,session,cave
30,1,1,377,reference,units,quantities,labels
30,2,3,86,case_relations,wastes,trash,pupil
30,3,3,123,cause_purpose,strikeouts,outs,smiles
30,4,2,470,space_time,metropolis,skyscraper,pier
30,5,2,39,attribute,eruption,volcanic,injury
30,6,1,156,class_inclusion,capability,athleticism,relationship
30,7,3,137,cause_purpose,concerts,noise,question
30,8,1,35,attribute,films,cinematographic,yards
30,9,1,303,part_whole,profile,bio,prison
30,10,1,157,class_inclusion,skirt,poodle-skirt,dimension
30,11,2,241,contrast,depart,come,functional
30,12,1,32,attribute,films,artistic,greece
30,13,2,408,similar,pretend,play,estimate
30,14,2,416,similar,preserve,keep,breaking
30,15,3,236,contrast,upwards,declined,harder
30,16,2,75,case_relations,broadcast,show,dentist
30,17,3,233,contrast,concentrated,goofed-off,advances
30,18,1,30,attribute,junk,trashy,eruption
30,19,2,195,class_inclusion,situation,emergency,display
30,20,3,81,case_relations,locks,door,leaking
31,1,2,464,space_time,dock,plank,wartime
31,2,3,423,similar,marked,wrote,picked
31,3,3,70,case_relations,digs,hole,carry
31,4,1,199,class_inclusion,instrumentation,brass,toes
31,5,2,399,reference,estimates,valuations,symbols
31,6,2,66,case_relations,operators,addition,competitors
31,7,3,45,attribute,chicken,edible,rainbow
31,8,2,316,part_whole,transportation,vehicle,telescope
31,9,3,260,non_attribute,mistakes,accurate,terror
31,10,1,86,case_relations,wastes,trash,pupil
31,11,1,334,part_whole,evaluation,conclusion,radiator
31,12,1,487,space_time,weekends,relaxation,hells
31,13,1,371,reference,listing,property,catalog
31,14,2,312,part_whole,crafts,material,profile
31,15,3,475,space_time,metropolis,tower,hells
31,16,1,88,case_relations,pupil,flashcards,journalists
31,17,3,192,class_inclusion,religion,Catholicism,harm
31,18,2,488,space_time,woods,deer,village
31,19,2,113,cause_purpose,blender,puree,wineries
31,20,3,237,contrast,specialized,generalized,forgotten
32,1,2,298,non_attribute,germ,clean,blues
32,2,3,257,non_attribute,overheating,cool,junior
32,3,1,285,non_attribute,bang,peaceful,skyscraper
32,4,1,308,part_whole,militia,soldier,church
32,5,1,208,contrast,contracts,expands,functional
32,6,3,329,part_whole,knight,helmet,church
32,7,1,44,attribute,rat,mouselike,films
32,8,1,173,class_inclusion,situation,first-date,outfit
32,9,3,253,non_attribute,heights,shallow,zombies
32,10,3,127,cause_purpose,kettle,tea,sketch
32,11,3,317,part_whole,storage,box,labour
32,12,1,179,class_inclusion,table,picnic-table,monitor
32,13,2,402,similar,exchanged,gave,warning
32,14,2,427,similar,teaching,educating,instant
32,15,3,128,cause_purpose,band,music,weapons
32,16,2,497,space_time,paradise,bliss,afternoon
32,17,2,239,contrast,broke,wealthy,plain
32,18,2,442,similar,collection,group,predicted
32,19,1,478,space_time,hells,heat,meeting
32,20,3,467,space_time,village,villager,colleges
33,1,1,74,case_relations,stamping,letter,competitors
33,2,1,470,space_time,metropolis,skyscraper,pier
33,3,2,485,space_time,colleges,classes,autumn
33,4,2,282,non_attribute,fossils,new,errors
33,5,1,323,part_whole,labour,laborer,radiator
33,6,3,160,class_inclusion,exams,MCAT,sport
33,7,2,365,reference,bets,opinion,diagram
33,8,2,193,class_inclusion,fitness,cardiovascular,harm
33,9,3,47,attribute,song,audible,parties
33,10,1,106,cause_purpose,shoes,protection,waste
33,11,2,100,case_relations,stamping,mail,charges
33,12,1,297,non_attribute,fairytale,truthful,torpedo
33,13,3,340,part_whole,galaxy,planet,cabinet
33,14,2,483,space_time,pier,boat,dusk
33,15,2,8,attribute,grids,square,indonesia
33,16,1,498,space_time,morning,sun,subway
33,17,3,80,case_relations,wastes,time,broadcast
33,18,3,355,reference,catalog,items,kilometers
33,19,3,462,space_time,village,hut,dock
33,20,1,82,case_relations,educate,classroom,broadcast
34,1,1,89,case_relations,dodge,danger,sketch
34,2,1,477,space_time,meeting,notes,conferences
34,3,1,255,non_attribute,cookie,spicy,land
34,4,1,463,space_time,village,road,cities
34,5,3,99,case_relations,smoker,cigar,government
34,6,3,173,class_inclusion,situation,first-date,outfit
34,7,3,271,non_attribute,trash,clean,dust
34,8,2,1,attribute,sirens,loud,aluminum
34,9,2,54,case_relations,pirates,hook,academics
34,10,2,233,contrast,concentrated,goofed-off,advances
34,11,2,274,non_attribute,boiler,chilled,mistakes
34,12,3,334,part_whole,evaluation,conclusion,radiator
34,13,3,193,class_inclusion,fitness,cardiovascular,harm
34,14,3,161,class_inclusion,tier,professional,ventilation
34,15,1,169,class_inclusion,tier,premium,charts
34,16,3,287,non_attribute,gibberish,english,tornado
34,17,2,407,similar,breaking,snapping,induced
34,18,2,207,contrast,encouraging,discouraging,utility
34,19,1,483,space_time,pier,boat,dusk
34,20,2,209,contrast,stays,leaves,encouraging
35,1,3,48,attribute,branches,twiggy,appointment
35,2,3,164,class_inclusion,sport,golf,craftsmen
35,3,1,445,similar,bothers,irritates,classes
35,4,1,473,space_time,cities,streets,savannah
35,5,2,109,cause_purpose,stomach,digestion,cavity
35,6,1,397,reference,coupon,discount,badge
35,7,2,355,reference,catalog,items,kilometers
35,8,1,459,space_time,caribbean,island,paradise
35,9,1,246,contrast,ending,beginning,defend
35,10,3,71,case_relations,operators,train,panther
35,11,3,342,part_whole,militia,commander,earth
35,12,2,49,attribute,appointment,scheduled,popcorn
35,13,3,138,cause_purpose,snowing,snowdays,stomach
35,14,2,98,case_relations,carry,bag,erase
35,15,1,232,contrast,smooth,difficult,defend
35,16,1,61,case_relations,pupil,exam,businessman
35,17,2,452,space_time,rivers,water,oxford
35,18,3,113,cause_purpose,blender,puree,wineries
35,19,2,224,contrast,upwards,downwards,lesser
35,20,3,30,attribute,junk,trashy,eruption
36,1,2,51,case_relations,poisons,murder,broadcast
36,2,2,254,non_attribute,enemies,friendly,junior
36,3,2,246,contrast,ending,beginning,defend
36,4,2,288,non_attribute,excitement,bored,sunroof
36,5,3,121,cause_purpose,oder,smell,politician
36,6,2,222,contrast,familiar,foreign,tired
36,7,1,96,case_relations,educate,tutorial,canceling
36,8,1,366,reference,symbols,objects,passports
36,9,2,197,class_inclusion,action,laughing,relative
36,10,3,11,attribute,chicken,flightless,squirrel
36,11,2,21,attribute,dish,flat,cowboy
36,12,1,60,case_relations,government,legislation,shaves
36,13,1,128,cause_purpose,band,music,weapons
36,14,3,184,class_inclusion,story,myth,analysis
36,15,3,67,case_relations,subscribe,netflix,educate
36,16,1,485,space_time,colleges,classes,autumn
36,17,1,152,class_inclusion,tribes,Navajo,organs
36,18,3,214,contrast,depart,stay,ending
36,19,3,125,cause_purpose,journalists,articles,cavity
36,20,1,176,class_inclusion,action,exit,tribes
37,1,1,443,similar,classes,seminars,irritation
37,2,2,81,case_relations,locks,door,leaking
37,3,1,329,part_whole,knight,helmet,church
37,4,3,221,contrast,concentrated,dispersed,silence
37,5,1,90,case_relations,wolverine,claw,nodded
37,6,3,83,case_relations,eat,snack,broadcast
37,7,2,79,case_relations,pupil,pencil,broadcast
37,8,1,33,attribute,taxi,callable,popcorn
37,9,2,212,contrast,feminine,masculine,contracts
37,10,1,118,cause_purpose,alarm,waking,sickness
37,11,2,324,part_whole,education,class,conference
37,12,3,64,case_relations,smoker,cigarette,dodge
37,13,1,37,attribute,squirrel,furry,air
37,14,2,211,contrast,starts,ends,preserved
37,15,3,428,similar,beauty,elegance,delight
37,16,3,315,part_whole,galaxy,Earth,countryside
37,17,2,323,part_whole,labour,laborer,radiator
37,18,3,25,attribute,fires,warm,heroin
37,19,2,80,case_relations,wastes,time,broadcast
37,20,3,114,cause_purpose,blossom,scent,kettle
38,1,2,460,space_time,lakes,water,graveyard
38,2,3,477,space_time,meeting,notes,conferences
38,3,2,182,class_inclusion,tier,entry-level,capability
38,4,1,387,reference,vouchers,credit,certifications
38,5,1,269,non_attribute,fairytale,true,athlete
38,6,2,157,class_inclusion,skirt,poodle-skirt,dimension
38,7,3,117,cause_purpose,blossom,bloom,blender
38,8,2,490,space_time,daytime,sun,holidays
38,9,3,294,non_attribute,routine,exhilarating,zombies
38,10,1,229,contrast,harder,easier,defend
38,11,1,58,case_relations,bang,bomb,proclaim
38,12,2,396,reference,news,story,sirens
38,13,2,175,class_inclusion,table,bedside,basket
38,14,1,17,attribute,aluminum,thin,copper
38,15,3,59,case_relations,competitors,race,journalists
38,16,3,385,reference,catalog,list,likeness
38,17,3,235,contrast,enlarged,shrunk,specialized
38,18,3,426,similar,warning,alert,pinnacle
38,19,1,357,reference,census,population,memoir
38,20,1,360,reference,prizes,accomplishment,symbols
39,1,2,476,space_time,wartime,weapon,holiday
39,2,3,60,case_relations,government,legislation,shaves
39,3,2,423,similar,marked,wrote,picked
39,4,3,157,class_inclusion,skirt,poodle-skirt,dimension
39,5,2,272,non_attribute,dwarfs,tall,injustices
39,6,3,2,attribute,branches,wooden,sunshine
39,7,1,195,class_inclusion,situation,emergency,display
39,8,1,424,similar,warning,alarm,icy
39,9,1,22,attribute,thorn,spikey,squirrel
39,10,2,11,attribute,chicken,flightless,squirrel
39,11,1,448,similar,sprung,emerged,notions
39,12,2,418,similar,wondering,pondering,classes
39,13,2,141,cause_purpose,poisons,illness,punches
39,14,3,399,reference,estimates,valuations,symbols
39,15,1,191,class_inclusion,organs,heart,label
39,16,3,417,similar,beauty,grace,bothers
39,17,2,409,similar,sprung,jumped,classes
39,18,1,12,attribute,aluminum,grey,cells
39,19,1,87,case_relations,erase,mistake,smoker
39,20,3,280,non_attribute,routine,novel,germ
40,1,2,12,attribute,aluminum,grey,cells
40,2,1,131,cause_purpose,stomach,growling,cologne
40,3,1,396,reference,news,story,sirens
40,4,1,363,reference,notes,material,report
40,5,2,390,reference,address,location,polls
40,6,1,420,similar,bells,jingles,picked
40,7,2,116,cause_purpose,government,rules,dogs
40,8,3,365,reference,bets,opinion,diagram
40,9,2,172,class_inclusion,lakes,Superior,section
40,10,3,141,cause_purpose,poisons,illness,punches
40,11,2,205,contrast,silence,noise,advances
40,12,1,62,case_relations,crabs,claw,leaking
40,13,3,318,part_whole,maps,legend,cabinet
40,14,3,191,class_inclusion,organs,heart,label
40,15,1,57,case_relations,shaves,hair,charges
40,16,2,305,part_whole,chicken,thigh,gym
40,17,3,285,non_attribute,bang,peaceful,skyscraper
40,18,3,389,reference,symbols,concepts,address
40,19,2,112,cause_purpose,academics,learning,kettle
40,20,3,249,contrast,goodness,evil,intellectual
41,1,3,168,class_inclusion,basket,picnic-basket,hat
41,2,1,412,similar,instant,second,bothers
41,3,1,204,contrast,broke,rich,direct
41,4,2,459,space_time,caribbean,island,paradise
41,5,2,119,cause_purpose,meme,laughter,mug
41,6,2,265,non_attribute,rains,dry,trash
41,7,2,160,class_inclusion,exams,MCAT,sport
41,8,3,202,contrast,defend,attack,contracts
41,9,2,24,attribute,branches,spikey,pumpkin
41,10,1,111,cause_purpose,bang,noise,boiler
41,11,3,28,attribute,hens,fluffy,sirens
41,12,2,413,similar,preserve,store,predicted
41,13,1,311,part_whole,arrows,arrowhead,prison
41,14,3,328,part_whole,resume,job,tomb
41,15,1,205,contrast,silence,noise,advances
41,16,3,4,attribute,pupils,black,junk
41,17,1,312,part_whole,crafts,material,profile
41,18,3,295,non_attribute,weights,light,routine
41,19,1,163,class_inclusion,exams,pop-quiz,poll
41,20,3,407,similar,breaking,snapping,induced
42,1,1,299,non_attribute,whales,miniscule,loves
42,2,3,131,cause_purpose,stomach,growling,cologne
42,3,3,409,similar,sprung,jumped,classes
42,4,2,492,space_time,hells,devil,pier
42,5,2,214,contrast,depart,stay,ending
42,6,1,218,contrast,smooth,rough,ending
42,7,1,256,non_attribute,loves,hateful,dwarfs
42,8,2,321,part_whole,evaluation,rating,transportation
42,9,1,95,case_relations,panther,fangs,sing
42,10,1,425,similar,nicer,kinder,upsetting
42,11,2,25,attribute,fires,warm,heroin
42,12,3,230,contrast,smooth,choppy,lying
42,13,1,97,case_relations,rains,umbrella,waste
42,14,1,423,similar,marked,wrote,picked
42,15,3,66,case_relations,operators,addition,competitors
42,16,3,62,case_relations,crabs,claw,leaking
42,17,2,392,reference,disciplines,ideas,coupon
42,18,2,4,attribute,pupils,black,junk
42,19,3,405,similar,pinnacle,top,collection
42,20,2,2,attribute,branches,wooden,sunshine
43,1,2,267,non_attribute,athlete,unathletic,weights
43,2,2,92,case_relations,proclaim,speech,shaves
43,3,1,405,similar,pinnacle,top,collection
43,4,2,451,space_time,kansas,field,holiday
43,5,3,380,reference,agendas,schedules,news
43,6,3,449,similar,notions,concepts,prize
43,7,3,439,similar,delight,joy,involved
43,8,1,434,similar,amazing,splended,teaching
43,9,1,224,contrast,upwards,downwards,lesser
43,10,1,302,part_whole,basket,handle,tomb
43,11,3,148,cause_purpose,politician,legislation,punches
43,12,1,66,case_relations,operators,addition,competitors
43,13,3,88,case_relations,pupil,flashcards,journalists
43,14,2,394,reference,polls,opinions,ambassadors
43,15,2,334,part_whole,evaluation,conclusion,radiator
43,16,3,402,similar,exchanged,gave,warning
43,17,2,276,non_attribute,alarm,soft,relic
43,18,2,268,non_attribute,land,liquid,rains
43,19,3,167,class_inclusion,craftsmen,blacksmith,tier
43,20,1,390,reference,address,location,polls
44,1,1,184,class_inclusion,story,myth,analysis
44,2,2,315,part_whole,galaxy,Earth,countryside
44,3,3,198,class_inclusion,attachment,button,lakes
44,4,1,149,cause_purpose,movie,entertainment,cars
44,5,1,247,contrast,tired,energetic,broke
44,6,1,452,space_time,rivers,water,oxford
44,7,3,361,reference,symbols,entity,handshake
44,8,3,433,similar,functioning,working,wondering
44,9,1,248,contrast,plain,detailed,applied
44,10,3,9,attribute,eruption,hot,comedy
44,11,3,147,cause_purpose,pencils,notetaking,stomach
44,12,3,170,class_inclusion,outfit,swimwear,table
44,13,2,434,similar,amazing,splended,teaching
44,14,2,166,class_inclusion,crafts,knitting,craftsmen
44,15,3,242,contrast,encouraging,demoralizing,enlarged
44,16,2,131,cause_purpose,stomach,growling,cologne
44,17,2,400,reference,badge,accomplishment,estimates
44,18,1,13,attribute,greece,beachy,squirrel
44,19,2,431,similar,wounded,injured,soften
44,20,1,46,attribute,matrices,rectangular,fires
45,1,3,326,part_whole,church,pastor,organs
45,2,2,333,part_whole,subway,sandwich,midwest
45,3,1,389,reference,symbols,concepts,address
45,4,2,142,cause_purpose,lecturers,studying,concerts
45,5,3,498,space_time,morning,sun,subway
45,6,2,190,class_inclusion,dimension,time,relationship
45,7,2,187,class_inclusion,education,college,disasters
45,8,1,258,non_attribute,nervousness,calm,gibberish
45,9,3,350,part_whole,storage,compartment,radish
45,10,1,77,case_relations,eat,brunch,sketch
45,11,1,355,reference,catalog,items,kilometers
45,12,2,437,similar,collect,gather,bothers
45,13,3,203,contrast,lies,truths,rejects
45,14,1,49,attribute,appointment,scheduled,popcorn
45,15,2,227,contrast,advances,setbacks,familiar
45,16,3,373,reference,flashback,event,polls
45,17,2,475,space_time,metropolis,tower,hells
45,18,3,76,case_relations,defend,castle,politician
45,19,1,322,part_whole,skirt,waistband,furnace
45,20,1,318,part_whole,maps,legend,cabinet
46,1,2,47,attribute,song,audible,parties
46,2,3,444,similar,presents,showcases,beast
46,3,2,107,cause_purpose,concerts,music,boiler
46,4,3,320,part_whole,portfolio,paper,basket
46,5,1,140,cause_purpose,band,albums,stomach
46,6,3,65,case_relations,businessman,meetings,digs
46,7,2,448,similar,sprung,emerged,notions
46,8,3,210,contrast,broken,amended,wisdom
46,9,3,218,contrast,smooth,rough,ending
46,10,2,99,case_relations,smoker,cigar,government
46,11,2,41,attribute,greece,historic,lions
46,12,1,466,space_time,heaven,angel,subway
46,13,3,149,cause_purpose,movie,entertainment,cars
46,14,1,388,reference,passports,person,blueprint
46,15,1,331,part_whole,countryside,plain,telescope
46,16,3,105,cause_purpose,punches,pain,oder
46,17,2,404,similar,estimate,guess,nicer
46,18,2,446,similar,teaching,instructing,classes
46,19,1,108,cause_purpose,batteries,charging,oder
46,20,1,189,class_inclusion,story,legend,toes
47,1,2,269,non_attribute,fairytale,true,athlete
47,2,3,188,class_inclusion,action,flee,skirt
47,3,1,80,case_relations,wastes,time,broadcast
47,4,3,491,space_time,nights,darkness,dusk
47,5,3,343,part_whole,analysis,unit,demonstration
47,6,2,102,cause_purpose,booklet,education,stomach
47,7,1,24,attribute,branches,spikey,pumpkin
47,8,2,467,space_time,village,villager,colleges
47,9,3,437,similar,collect,gather,bothers
47,10,1,244,contrast,growth,stagnation,familiar
47,11,3,359,reference,news,incidence,motif
47,12,1,187,class_inclusion,education,college,disasters
47,13,2,411,similar,predicted,guessed,instant
47,14,2,368,reference,discography,artist,writings
47,15,3,319,part_whole,furnace,boiler,chicken
47,16,2,447,similar,awful,terrible,functioning
47,17,1,239,contrast,broke,wealthy,plain
47,18,1,84,case_relations,broadcast,signal,canceling
47,19,3,283,non_attribute,torpedo,sluggish,disinformation
47,20,1,142,cause_purpose,lecturers,studying,concerts
48,1,3,140,cause_purpose,band,albums,stomach
48,2,1,241,contrast,depart,come,functional
48,3,2,168,class_inclusion,basket,picnic-basket,hat
48,4,1,492,space_time,hells,devil,pier
48,5,2,383,reference,memoir,story,prizes
48,6,3,261,non_attribute,cookie,frozen,fluid
48,7,3,292,non_attribute,rains,dehydrated,smiles
48,8,1,342,part_whole,militia,commander,earth
48,9,1,40,attribute,pasta,cheesy,farmers
48,10,1,332,part_whole,maps,scale,labour
48,11,1,495,space_time,carnival,ride,weekends
48,12,2,147,cause_purpose,pencils,notetaking,stomach
48,13,2,426,similar,warning,alert,pinnacle
48,14,2,350,part_whole,storage,compartment,radish
48,15,3,102,cause_purpose,booklet,education,stomach
48,16,2,154,class_inclusion,wines,Cabernet,capability
48,17,3,13,attribute,greece,beachy,squirrel
48,18,3,376,reference,vouchers,discount,marker
48,19,2,152,class_inclusion,tribes,Navajo,organs
48,20,1,11,attribute,chicken,flightless,squirrel
49,1,3,276,non_attribute,alarm,soft,relic
49,2,2,360,reference,prizes,accomplishment,symbols
49,3,1,91,case_relations,traveler,flight,crabs
49,4,1,484,space_time,graveyard,tomb,homes
49,5,3,175,class_inclusion,table,bedside,basket
49,6,1,460,space_time,lakes,water,graveyard
49,7,2,202,contrast,defend,attack,contracts
49,8,3,415,similar,amazing,great,presented
49,9,2,42,attribute,diamonds,bright,fires
49,10,3,255,non_attribute,cookie,spicy,land
49,11,3,247,contrast,tired,energetic,broke
49,12,2,90,case_relations,wolverine,claw,nodded
49,13,2,339,part_whole,analysis,description,portfolio
49,14,1,134,cause_purpose,kettle,heat,sickness
49,15,1,399,reference,estimates,valuations,symbols
49,16,3,391,reference,diagram,system,writings
49,17,2,71,case_relations,operators,train,panther
49,18,3,41,attribute,greece,historic,lions
49,19,1,155,class_inclusion,regimes,Nazis,craftsmen
49,20,2,308,part_whole,militia,soldier,church
50,1,2,169,class_inclusion,tier,premium,charts
50,2,3,239,contrast,broke,wealthy,plain
50,3,3,222,contrast,familiar,foreign,tired
50,4,3,406,similar,fathers,dads,presents
50,5,3,208,contrast,contracts,expands,functional
50,6,1,21,attribute,dish,flat,cowboy
50,7,1,188,class_inclusion,action,flee,skirt
50,8,2,16,attribute,rat,nocturnal,logs
50,9,2,184,class_inclusion,story,myth,analysis
50,10,1,376,reference,vouchers,discount,marker
50,11,1,43,attribute,sunshine,radiant,branches
50,12,2,471,space_time,clinics,doctor,graveyard
50,13,3,451,space_time,kansas,field,holiday
50,14,3,358,reference,likeness,person,agendas
50,15,3,333,part_whole,subway,sandwich,midwest
50,16,1,467,space_time,village,villager,colleges
50,17,2,299,non_attribute,whales,miniscule,loves
50,18,1,351,reference,deal,agreement,marker
50,19,1,486,space_time,disneyland,rides,clinics
50,20,2,137,cause_purpose,concerts,noise,question
51,1,2,146,cause_purpose,threat,panic,pirates
51,2,3,171,class_inclusion,charts,bar-chart,section
51,3,3,483,space_time,pier,boat,dusk
51,4,1,277,non_attribute,loves,resentful,nervousness
51,5,3,256,non_attribute,loves,hateful,dwarfs
51,6,2,370,reference,token,value,agendas
51,7,1,410,similar,prize,winning,buck
51,8,2,151,class_inclusion,exams,SAT,brand
51,9,1,454,space_time,conferences,session,cave
51,10,1,373,reference,flashback,event,polls
51,11,1,145,cause_purpose,ovens,cooking,meme
51,12,2,341,part_whole,scissors,handle,analysis
51,13,2,466,space_time,heaven,angel,subway
51,14,2,188,class_inclusion,action,flee,skirt
51,15,1,79,case_relations,pupil,pencil,broadcast
51,16,2,481,space_time,woods,wildlife,colleges
51,17,3,92,case_relations,proclaim,speech,shaves
51,18,3,381,reference,questionnaires,population,diagram
51,19,3,265,non_attribute,rains,dry,trash
51,20,1,284,non_attribute,ovens,frozen,mistakes
52,1,1,38,attribute,grids,organized,pumpkin
52,2,1,230,contrast,smooth,choppy,lying
52,3,3,49,attribute,appointment,scheduled,popcorn
52,4,2,326,part_whole,church,pastor,organs
52,5,2,252,non_attribute,athlete,overweight,injustices
52,6,2,29,attribute,woods,dense,elephants
52,7,3,174,class_inclusion,transportation,train,crafts
52,8,2,310,part_whole,tomb,casket,arrows
52,9,3,403,similar,creature,animal,buck
52,10,3,112,cause_purpose,academics,learning,kettle
52,11,3,416,similar,preserve,keep,breaking
52,12,2,36,attribute,manhattan,busy,logs
52,13,1,55,case_relations,erase,eraser,unravel
52,14,1,135,cause_purpose,tornado,wind,booklet
52,15,3,250,contrast,keeping,leaving,lesser
52,16,1,18,attribute,cube,geometric,matrices
52,17,1,407,similar,breaking,snapping,induced
52,18,2,311,part_whole,arrows,arrowhead,prison
52,19,2,425,similar,nicer,kinder,upsetting
52,20,3,388,reference,passports,person,blueprint
53,1,1,73,case_relations,digs,grave,bang
53,2,3,165,class_inclusion,analysis,explanation,soap
53,3,2,283,non_attribute,torpedo,sluggish,disinformation
53,4,1,294,non_attribute,routine,exhilarating,zombies
53,5,3,35,attribute,films,cinematographic,yards
53,6,3,72,case_relations,smoker,pipe,bang
53,7,1,216,contrast,harder,easier,familiar
53,8,2,126,cause_purpose,meme,amusement,cars
53,9,1,270,non_attribute,fossils,modern,dwarfs
53,10,3,7,attribute,farmers,agricultural,injury
53,11,2,57,case_relations,shaves,hair,charges
53,12,2,391,reference,diagram,system,writings
53,13,2,200,class_inclusion,turtles,snapping,soap
53,14,3,349,part_whole,labour,boss,basket
53,15,2,225,contrast,growth,plateau,permits
53,16,1,226,contrast,growth,decline,advanced
53,17,3,27,attribute,scooter,electronic,woods
53,18,1,2,attribute,branches,wooden,sunshine
53,19,3,111,cause_purpose,bang,noise,boiler
53,20,1,168,class_inclusion,basket,picnic-basket,hat
54,1,2,33,attribute,taxi,callable,popcorn
54,2,1,7,attribute,farmers,agricultural,injury
54,3,3,384,reference,representatives,referent,estimates
54,4,1,375,reference,handshake,agreement,symbols
54,5,2,125,cause_purpose,journalists,articles,cavity
54,6,1,447,similar,awful,terrible,functioning
54,7,1,233,contrast,concentrated,goofed-off,advances
54,8,2,397,reference,coupon,discount,badge
54,9,3,219,contrast,growth,shrinkage,fat
54,10,3,259,non_attribute,error,correct,fairytale
54,11,1,47,attribute,song,audible,parties
54,12,2,371,reference,listing,property,catalog
54,13,1,493,space_time,disneyland,lines,lakes
54,14,2,477,space_time,meeting,notes,conferences
54,15,3,312,part_whole,crafts,material,profile
54,16,2,357,reference,census,population,memoir
54,17,3,414,similar,wounded,hurt,nicer
54,18,3,291,non_attribute,dwarfs,giant,enemies
54,19,1,243,contrast,functional,faulty,lies
54,20,2,450,similar,upsetting,disturbing,predicted
55,1,3,156,class_inclusion,capability,athleticism,relationship
55,2,3,77,case_relations,eat,brunch,sketch
55,3,2,314,part_whole,demonstration,example,countryside
55,4,2,218,contrast,smooth,rough,ending
55,5,3,268,non_attribute,land,liquid,rains
55,6,2,167,class_inclusion,craftsmen,blacksmith,tier
55,7,2,441,similar,estimate,conjecture,delight
55,8,3,347,part_whole,storage,shelf,spacecraft
55,9,1,339,part_whole,analysis,description,portfolio
55,10,3,159,class_inclusion,sport,badminton,instrumentation
55,11,1,480,space_time,neighborhoods,homes,holidays
55,12,2,363,reference,notes,material,report
55,13,1,413,similar,preserve,store,predicted
55,14,2,474,space_time,conferences,meetings,village
55,15,1,408,similar,pretend,play,estimate
55,16,3,241,contrast,depart,come,functional
55,17,2,15,attribute,cowboy,texan,fires
55,18,1,365,reference,bets,opinion,diagram
55,19,1,212,contrast,feminine,masculine,contracts
55,20,3,108,cause_purpose,batteries,charging,oder
56,1,2,62,case_relations,crabs,claw,leaking
56,2,1,129,cause_purpose,waste,disposal,wineries
56,3,1,419,similar,preserve,jelly,tough
56,4,2,84,case_relations,broadcast,signal,canceling
56,5,2,127,cause_purpose,kettle,tea,sketch
56,6,2,135,cause_purpose,tornado,wind,booklet
56,7,1,433,similar,functioning,working,wondering
56,8,2,201,contrast,intellectual,stupid,functional
56,9,3,272,non_attribute,dwarfs,tall,injustices
56,10,3,38,attribute,grids,organized,pumpkin
56,11,1,50,attribute,wool,itchy,cells
56,12,3,473,space_time,cities,streets,savannah
56,13,1,153,class_inclusion,fitness,flexibility,tribes
56,14,3,366,reference,symbols,objects,passports
56,15,3,225,contrast,growth,plateau,permits
56,16,2,140,cause_purpose,band,albums,stomach
56,17,3,396,reference,news,story,sirens
56,18,1,472,space_time,conferences,keynotes,space
56,19,3,248,contrast,plain,detailed,applied
56,20,1,171,class_inclusion,charts,bar-chart,section
57,1,2,463,space_time,village,road,cities
57,2,3,118,cause_purpose,alarm,waking,sickness
57,3,1,159,class_inclusion,sport,badminton,instrumentation
57,4,3,337,part_whole,earth,land,evaluation
57,5,2,420,similar,bells,jingles,picked
57,6,2,65,case_relations,businessman,meetings,digs
57,7,1,306,part_whole,instrumentation,percussion,outfit
57,8,1,276,non_attribute,alarm,soft,relic
57,9,1,103,cause_purpose,boiler,heat,movie
57,10,2,428,similar,beauty,elegance,delight
57,11,1,126,cause_purpose,meme,amusement,cars
57,12,2,498,space_time,morning,sun,subway
57,13,3,209,contrast,stays,leaves,encouraging
57,14,1,207,contrast,encouraging,discouraging,utility
57,15,1,16,attribute,rat,nocturnal,logs
57,16,3,489,space_time,colleges,professors,dock
57,17,3,258,non_attribute,nervousness,calm,gibberish
57,18,2,96,case_relations,educate,tutorial,canceling
57,19,3,480,space_time,neighborhoods,homes,holidays
57,20,2,210,contrast,broken,amended,wisdom
58,1,1,372,reference,badge,achievement,flashback
58,2,3,471,space_time,clinics,doctor,graveyard
58,3,2,262,non_attribute,injustices,fair,tornado
58,4,1,1,attribute,sirens,loud,aluminum
58,5,2,6,attribute,torpedoes,underwater,yards
58,6,2,354,reference,kilometers,distance,listing
58,7,3,278,non_attribute,disinformation,real,torpedo
58,8,1,429,similar,pretend,fake,prize
58,9,1,348,part_whole,church,steeple,arrows
58,10,2,387,reference,vouchers,credit,certifications
58,11,3,51,case_relations,poisons,murder,broadcast
58,12,1,325,part_whole,organs,lungs,storage
58,13,3,226,contrast,growth,decline,advanced
58,14,1,150,cause_purpose,microwaves,heat,snowing
58,15,3,18,attribute,cube,geometric,matrices
58,16,2,35,attribute,films,cinematographic,yards
58,17,2,369,reference,certifications,qualifications,handshake
58,18,3,338,part_whole,storage,site,worm
58,19,3,300,non_attribute,blossom,wintry,bang
58,20,2,455,space_time,holidays,present,clinics
59,1,1,107,cause_purpose,concerts,music,boiler
59,2,1,457,space_time,colleges,building,manhattan
59,3,3,490,space_time,daytime,sun,holidays
59,4,1,343,part_whole,analysis,unit,demonstration
59,5,2,69,case_relations,subscribe,channel,rains
59,6,1,100,case_relations,stamping,mail,charges
59,7,3,78,case_relations,unravel,yarn,nodded
59,8,3,179,class_inclusion,table,picnic-table,monitor
59,9,2,285,non_attribute,bang,peaceful,skyscraper
59,10,2,373,reference,flashback,event,polls
59,11,2,196,class_inclusion,charts,pie-chart,chemical
59,12,1,34,attribute,matrices,organized,diamonds
59,13,1,164,class_inclusion,sport,golf,craftsmen
59,14,3,187,class_inclusion,education,college,disasters
59,15,2,271,non_attribute,trash,clean,dust
59,16,3,205,contrast,silence,noise,advances
59,17,3,115,cause_purpose,pirates,shipwreck,lecturers
59,18,2,495,space_time,carnival,ride,weekends
59,19,3,456,space_time,daytime,sunlight,lakes
59,20,1,489,space_time,colleges,professors,dock
60,1,2,473,space_time,cities,streets,savannah
60,2,3,460,space_time,lakes,water,graveyard
60,3,1,109,cause_purpose,stomach,digestion,cavity
60,4,1,310,part_whole,tomb,casket,arrows
60,5,1,383,reference,memoir,story,prizes
60,6,1,378,reference,token,object,bets
60,7,3,341,part_whole,scissors,handle,analysis
60,8,2,348,part_whole,church,steeple,arrows
60,9,3,410,similar,prize,winning,buck
60,10,1,264,non_attribute,routine,new,skyscraper
60,11,1,347,part_whole,storage,shelf,spacecraft
60,12,2,48,attribute,branches,twiggy,appointment
60,13,2,301,part_whole,midwest,Illinois,analysis
60,14,3,482,space_time,woods,leaves,lakes
60,15,1,198,class_inclusion,attachment,button,lakes
60,16,2,158,class_inclusion,brand,Nike,soap
60,17,3,472,space_time,conferences,keynotes,space
60,18,3,267,non_attribute,athlete,unathletic,weights
60,19,2,240,contrast,advances,obstacles,harder
60,20,2,216,contrast,harder,easier,familiar
61,1,1,391,reference,diagram,system,writings
61,2,1,206,contrast,broke,fixed,applied
61,3,2,177,class_inclusion,situation,interview,dimension
61,4,3,316,part_whole,transportation,vehicle,telescope
61,5,3,356,reference,estimates,quantities,flashback
61,6,3,238,contrast,forgotten,reminded,advanced
61,7,2,278,non_attribute,disinformation,real,torpedo
61,8,1,426,similar,warning,alert,pinnacle
61,9,1,344,part_whole,basket,exterior,story
61,10,3,332,part_whole,maps,scale,labour
61,11,1,335,part_whole,earth,sea,radiator
61,12,2,280,non_attribute,routine,novel,germ
61,13,2,255,non_attribute,cookie,spicy,land
61,14,3,240,contrast,advances,obstacles,harder
61,15,2,59,case_relations,competitors,race,journalists
61,16,3,286,non_attribute,tornado,still,overheating
61,17,3,14,attribute,sirens,piercing,pasta
61,18,2,161,class_inclusion,tier,professional,ventilation
61,19,1,20,attribute,cake,sugary,matrices
61,20,2,398,reference,coupon,deal,syllabus
62,1,1,160,class_inclusion,exams,MCAT,sport
62,2,2,38,attribute,grids,organized,pumpkin
62,3,3,408,similar,pretend,play,estimate
62,4,3,231,contrast,broken,new,harder
62,5,1,200,class_inclusion,turtles,snapping,soap
62,6,1,427,similar,teaching,educating,instant
62,7,2,44,attribute,rat,mouselike,films
62,8,1,102,cause_purpose,booklet,education,stomach
62,9,1,296,non_attribute,cookie,inedible,silk
62,10,3,95,case_relations,panther,fangs,sing
62,11,1,194,class_inclusion,education,elementary,section
62,12,2,230,contrast,smooth,choppy,lying
62,13,3,495,space_time,carnival,ride,weekends
62,14,1,161,class_inclusion,tier,professional,ventilation
62,15,2,458,space_time,residence,kitchen,space
62,16,2,10,attribute,grids,measured,eruption
62,17,3,244,contrast,growth,stagnation,familiar
62,18,3,201,contrast,intellectual,stupid,functional
62,19,2,424,similar,warning,alarm,icy
62,20,3,367,reference,marker,position,ambassadors
63,1,1,441,similar,estimate,conjecture,delight
63,2,1,275,non_attribute,dust,clean,skyscraper
63,3,3,281,non_attribute,mistakes,correct,fires
63,4,1,190,class_inclusion,dimension,time,relationship
63,5,3,126,cause_purpose,meme,amusement,cars
63,6,1,455,space_time,holidays,present,clinics
63,7,2,231,contrast,broken,new,harder
63,8,3,301,part_whole,midwest,Illinois,analysis
63,9,2,5,attribute,farmers,natural,fires
63,10,1,69,case_relations,subscribe,channel,rains
63,11,2,94,case_relations,traveler,luggage,waste
63,12,3,372,reference,badge,achievement,flashback
63,13,3,229,contrast,harder,easier,defend
63,14,3,309,part_whole,tomb,stone,table
63,15,1,213,contrast,rejects,accepts,advanced
63,16,2,453,space_time,woods,tree,carnival
63,17,2,46,attribute,matrices,rectangular,fires
63,18,2,178,class_inclusion,lakes,Eerie,analysis
63,19,2,88,case_relations,pupil,flashcards,journalists
63,20,1,313,part_whole,basket,rim,midwest
64,1,3,55,case_relations,erase,eraser,unravel
64,2,2,105,cause_purpose,punches,pain,oder
64,3,1,319,part_whole,furnace,boiler,chicken
64,4,3,129,cause_purpose,waste,disposal,wineries
64,5,3,387,reference,vouchers,credit,certifications
64,6,2,40,attribute,pasta,cheesy,farmers
64,7,1,231,contrast,broken,new,harder
64,8,2,294,non_attribute,routine,exhilarating,zombies
64,9,2,111,cause_purpose,bang,noise,boiler
64,10,3,447,similar,awful,terrible,functioning
64,11,3,146,cause_purpose,threat,panic,pirates
64,12,2,487,space_time,weekends,relaxation,hells
64,13,1,31,attribute,squirrel,nimble,song
64,14,1,53,case_relations,catcher,glove,leaking
64,15,3,330,part_whole,cow,udder,labour
64,16,2,491,space_time,nights,darkness,dusk
64,17,2,296,non_attribute,cookie,inedible,silk
64,18,1,374,reference,questionnaires,opinion,coupon
64,19,1,235,contrast,enlarged,shrunk,specialized
64,20,3,397,reference,coupon,discount,badge
65,1,2,114,cause_purpose,blossom,scent,kettle
65,2,2,372,reference,badge,achievement,flashback
65,3,1,182,class_inclusion,tier,entry-level,capability
65,4,1,356,reference,estimates,quantities,flashback
65,5,1,81,case_relations,locks,door,leaking
65,6,2,388,reference,passports,person,blueprint
65,7,2,13,attribute,greece,beachy,squirrel
65,8,3,254,non_attribute,enemies,friendly,junior
65,9,2,461,space_time,lakes,wildlife,nights
65,10,1,15,attribute,cowboy,texan,fires
65,11,3,58,case_relations,bang,bomb,proclaim
65,12,3,234,contrast,breaks,accelerates,ending
65,13,1,458,space_time,residence,kitchen,space
65,14,1,468,space_time,space,asteroid,greece
65,15,3,352,reference,news,event,questionnaires
65,16,2,436,similar,preserve,jam,warning
65,17,3,293,non_attribute,spark,dull,diamonds
65,18,1,465,space_time,conferences,talk,outdoors
65,19,3,481,space_time,woods,wildlife,colleges
65,20,3,61,case_relations,pupil,exam,businessman
66,1,2,162,class_inclusion,story,fairytale,regimes
66,2,2,286,non_attribute,tornado,still,overheating
66,3,2,336,part_whole,labour,job,church
66,4,2,3,attribute,torpedoes,rapid,cube
66,5,2,93,case_relations,canceling,plans,crabs
66,6,1,346,part_whole,catalogue,record,conference
66,7,3,12,attribute,aluminum,grey,cells
66,8,2,163,class_inclusion,exams,pop-quiz,poll
66,9,1,121,cause_purpose,oder,smell,politician
66,10,1,266,non_attribute,bang,quiet,relic
66,11,2,293,non_attribute,spark,dull,diamonds
66,12,1,361,reference,symbols,entity,handshake
66,13,3,469,space_time,weekends,Sautrday,outdoors
66,14,1,406,similar,fathers,dads,presents
66,15,3,371,reference,listing,property,catalog
66,16,3,185,class_inclusion,transportation,bicycle,action
66,17,1,192,class_inclusion,religion,Catholicism,harm
66,18,1,240,contrast,advances,obstacles,harder
66,19,3,110,cause_purpose,pirates,raids,blender
66,20,3,145,cause_purpose,ovens,cooking,meme
67,1,3,169,class_inclusion,tier,premium,charts
67,2,1,3,attribute,torpedoes,rapid,cube
67,3,2,433,similar,functioning,working,wondering
67,4,2,389,reference,symbols,concepts,address
67,5,1,130,cause_purpose,kettle,boil,boiler
67,6,1,211,contrast,starts,ends,preserved
67,7,3,459,space_time,caribbean,island,paradise
67,8,1,386,reference,likeness,face,plan
67,9,3,56,case_relations,dodge,ball,athlete
67,10,2,78,case_relations,unravel,yarn,nodded
67,11,1,404,similar,estimate,guess,nicer
67,12,3,23,attribute,sirens,audible,branches
67,13,2,486,space_time,disneyland,rides,clinics
67,14,2,204,contrast,broke,rich,direct
67,15,1,51,case_relations,poisons,murder,broadcast
67,16,2,295,non_attribute,weights,light,routine
67,17,3,183,class_inclusion,regimes,Taliban,chemical
67,18,2,117,cause_purpose,blossom,bloom,blender
67,19,3,266,non_attribute,bang,quiet,relic
67,20,3,351,reference,deal,agreement,marker
68,1,3,84,case_relations,broadcast,signal,canceling
68,2,1,127,cause_purpose,kettle,tea,sketch
68,3,1,362,reference,calendars,date,capsule
68,4,3,98,case_relations,carry,bag,erase
68,5,1,234,contrast,breaks,accelerates,ending
68,6,1,14,attribute,sirens,piercing,pasta
68,7,2,149,cause_purpose,movie,entertainment,cars
68,8,1,146,cause_purpose,threat,panic,pirates
68,9,2,18,attribute,cube,geometric,matrices
68,10,1,8,attribute,grids,square,indonesia
68,11,3,497,space_time,paradise,bliss,afternoon
68,12,2,249,contrast,goodness,evil,intellectual
68,13,3,375,reference,handshake,agreement,symbols
68,14,3,346,part_whole,catalogue,record,conference
68,15,3,189,class_inclusion,story,legend,toes
68,16,2,76,case_relations,defend,castle,politician
68,17,2,478,space_time,hells,heat,meeting
68,18,2,454,space_time,conferences,session,cave
68,19,1,219,contrast,growth,shrinkage,fat
68,20,3,430,similar,yell,scream,sprung
69,1,2,217,contrast,forgotten,remembered,withdraw
69,2,2,430,similar,yell,scream,sprung
69,3,3,195,class_inclusion,situation,emergency,display
69,4,1,133,cause_purpose,politician,laws,concerts
69,5,1,326,part_whole,church,pastor,organs
69,6,3,307,part_whole,evaluation,question,crafts
69,7,1,94,case_relations,traveler,luggage,waste
69,8,2,479,space_time,greece,island,cities
69,9,2,362,reference,calendars,date,capsule
69,10,1,304,part_whole,scissors,blade,gym
69,11,2,165,class_inclusion,analysis,explanation,soap
69,12,3,478,space_time,hells,heat,meeting
69,13,1,68,case_relations,sing,song,pirates
69,14,2,290,non_attribute,riches,broke,dust
69,15,1,105,cause_purpose,punches,pain,oder
69,16,3,404,similar,estimate,guess,nicer
69,17,3,432,similar,outstanding,fantastic,sprung
69,18,3,348,part_whole,church,steeple,arrows
69,19,1,253,non_attribute,heights,shallow,zombies
69,20,2,435,similar,tough,chewy,pretend
70,1,2,198,class_inclusion,attachment,button,lakes
70,2,2,237,contrast,specialized,generalized,forgotten
70,3,1,175,class_inclusion,table,bedside,basket
70,4,1,65,case_relations,businessman,meetings,digs
70,5,3,463,space_time,village,road,cities
70,6,3,20,attribute,cake,sugary,matrices
70,7,2,480,space_time,neighborhoods,homes,holidays
70,8,1,185,class_inclusion,transportation,bicycle,action
70,9,3,304,part_whole,scissors,blade,gym
70,10,1,263,non_attribute,excitement,collected,bang
70,11,3,323,part_whole,labour,laborer,radiator
70,12,1,336,part_whole,labour,job,church
70,13,3,413,similar,preserve,store,predicted
70,14,2,344,part_whole,basket,exterior,story
70,15,3,176,class_inclusion,action,exit,tribes
70,16,2,393,reference,report,event,motif
70,17,3,421,similar,notions,ideas,fathers
70,18,2,496,space_time,carnival,ferris-wheel,residence
70,19,1,114,cause_purpose,blossom,scent,kettle
70,20,2,319,part_whole,furnace,boiler,chicken
71,1,3,496,space_time,carnival,ferris-wheel,residence
71,2,2,223,contrast,advances,retracts,keeping
71,3,1,295,non_attribute,weights,light,routine
71,4,2,443,similar,classes,seminars,irritation
71,5,3,89,case_relations,dodge,danger,sketch
71,6,3,429,similar,pretend,fake,prize
71,7,3,158,class_inclusion,brand,Nike,soap
71,8,2,185,class_inclusion,transportation,bicycle,action
71,9,2,43,attribute,sunshine,radiant,branches
71,10,2,412,similar,instant,second,bothers
71,11,3,500,space_time,nights,blackness,venice
71,12,3,75,case_relations,broadcast,show,dentist
71,13,1,101,cause_purpose,blossom,flower,coin
71,14,1,221,contrast,concentrated,dispersed,silence
71,15,1,442,similar,collection,group,predicted
71,16,3,400,reference,badge,accomplishment,estimates
71,17,1,76,case_relations,defend,castle,politician
71,18,2,191,class_inclusion,organs,heart,label
71,19,1,70,case_relations,digs,hole,carry
71,20,1,462,space_time,village,hut,dock
72,1,3,50,attribute,wool,itchy,cells
72,2,2,482,space_time,woods,leaves,lakes
72,3,2,405,similar,pinnacle,top,collection
72,4,3,302,part_whole,basket,handle,tomb
72,5,3,425,similar,nicer,kinder,upsetting
72,6,2,494,space_time,clinics,patient,nights
72,7,2,456,space_time,daytime,sunlight,lakes
72,8,1,122,cause_purpose,alarm,alertness,question
72,9,1,10,attribute,grids,measured,eruption
72,10,3,162,class_inclusion,story,fairytale,regimes
72,11,3,197,class_inclusion,action,laughing,relative
72,12,1,4,attribute,pupils,black,junk
72,13,2,465,space_time,conferences,talk,outdoors
72,14,1,282,non_attribute,fossils,new,errors
72,15,2,108,cause_purpose,batteries,charging,oder
72,16,2,235,contrast,enlarged,shrunk,specialized
72,17,3,379,reference,debt,value,bets
72,18,1,353,reference,pronoun,object,listing
72,19,1,209,contrast,stays,leaves,encouraging
72,20,1,56,case_relations,dodge,ball,athlete
73,1,2,122,cause_purpose,alarm,alertness,question
73,2,2,27,attribute,scooter,electronic,woods
73,3,2,103,cause_purpose,boiler,heat,movie
73,4,1,63,case_relations,government,laws,stamping
73,5,1,273,non_attribute,diamonds,rusted,relic
73,6,1,165,class_inclusion,analysis,explanation,soap
73,7,3,109,cause_purpose,stomach,digestion,cavity
73,8,3,180,class_inclusion,attachment,file,storage
73,9,3,182,class_inclusion,tier,entry-level,capability
73,10,2,133,cause_purpose,politician,laws,concerts
73,11,3,224,contrast,upwards,downwards,lesser
73,12,2,50,attribute,wool,itchy,cells
73,13,1,36,attribute,manhattan,busy,logs
73,14,3,336,part_whole,labour,job,church
73,15,3,223,contrast,advances,retracts,keeping
73,16,2,183,class_inclusion,regimes,Taliban,chemical
73,17,1,245,contrast,intellectual,idiotic,rejects
73,18,1,451,space_time,kansas,field,holiday
73,19,2,232,contrast,smooth,difficult,defend
73,20,3,190,class_inclusion,dimension,time,relationship
74,1,2,338,part_whole,storage,site,worm
74,2,1,186,class_inclusion,education,highschool,charts
74,3,2,270,non_attribute,fossils,modern,dwarfs
74,4,3,40,attribute,pasta,cheesy,farmers
74,5,2,242,contrast,encouraging,demoralizing,enlarged
74,6,1,123,cause_purpose,strikeouts,outs,smiles
74,7,3,31,attribute,squirrel,nimble,song
74,8,3,124,cause_purpose,academics,papers,lecturers
74,9,3,446,similar,teaching,instructing,classes
74,10,1,85,case_relations,academics,lecture,panther
74,11,3,458,space_time,residence,kitchen,space
74,12,2,192,class_inclusion,religion,Catholicism,harm
74,13,3,487,space_time,weekends,relaxation,hells
74,14,2,221,contrast,concentrated,dispersed,silence
74,15,1,222,contrast,familiar,foreign,tired
74,16,1,289,non_attribute,air,wet,disinformation
74,17,1,215,contrast,preserved,wasted,straight
74,18,3,434,similar,amazing,splended,teaching
74,19,1,170,class_inclusion,outfit,swimwear,table
74,20,2,226,contrast,growth,decline,advanced
75,1,1,291,non_attribute,dwarfs,giant,enemies
75,2,1,181,class_inclusion,exchanges,transaction,skirt
75,3,3,420,similar,bells,jingles,picked
75,4,2,236,contrast,upwards,declined,harder
75,5,3,339,part_whole,analysis,description,portfolio
75,6,1,430,similar,yell,scream,sprung
75,7,2,63,case_relations,government,laws,stamping
75,8,2,401,similar,goodbye,farewell,awful
75,9,1,315,part_whole,galaxy,Earth,countryside
75,10,2,328,part_whole,resume,job,tomb
75,11,2,422,similar,bothers,annoys,estimate
75,12,3,273,non_attribute,diamonds,rusted,relic
75,13,1,320,part_whole,portfolio,paper,basket
75,14,2,347,part_whole,storage,shelf,spacecraft
75,15,3,360,reference,prizes,accomplishment,symbols
75,16,3,492,space_time,hells,devil,pier
75,17,3,427,similar,teaching,educating,instant
75,18,1,98,case_relations,carry,bag,erase
75,19,1,497,space_time,paradise,bliss,afternoon
75,20,2,220,contrast,equals,approximates,growth
